tool	Theta 4.2.2	Theta 4.2.2	Theta 4.2.2	Theta 4.2.2
run set	SV-COMP23_no-overflow.ConcurrencySafety-NoOverflows	SV-COMP23_no-overflow.ConcurrencySafety-NoOverflows	SV-COMP23_no-overflow.ConcurrencySafety-NoOverflows	SV-COMP23_no-overflow.ConcurrencySafety-NoOverflows
../sv-benchmarks/c/	status	cputime (s)	walltime (s)	memory (MB)
pthread/bigshot_s.yml	ERROR (frontend failed)	3.3284944	1.8068358109994733	218.763264
pthread-atomic/dekker.yml	true	19.1704873	10.33843831700051	568.709120
pthread-ext/01b_inc.yml	TIMEOUT	120.6239887	106.71052624299955	645.156864
pthread-wmm/mix000.oepc.yml	true	19.7445631	10.65495519399974	550.989824
pthread-wmm/mix000.opt.yml	true	19.3657713	10.49600293399999	612.839424
ldv-races/race-1_1-join.yml	ERROR (frontend failed)	4.374875	2.343365033999362	212.738048
ldv-races/race-1_2-join.yml	ERROR (frontend failed)	4.1028809	2.2174475250003525	221.298688
ldv-linux-3.14-races/linux-3.14--drivers--media--platform--marvell-ccic--cafe_ccic.ko.cil-1.yml	ERROR (frontend failed)	1.928417	1.114027225999962	154.644480
ldv-linux-3.14-races/linux-3.14--drivers--media--platform--marvell-ccic--cafe_ccic.ko.cil-2.yml	ERROR (frontend failed)	2.0832575	1.227057189000334	158.269440
pthread-complex/bounded_buffer.yml	ERROR (frontend failed)	3.6899917	2.0001219579999088	218.329088
pthread-complex/elimination_backoff_stack.yml	ERROR (frontend failed)	3.3231392	1.8111490940000294	239.726592
pthread-driver-races/char_generic_nvram_nvram_llseek_nvram_unlocked_ioctl.yml	ERROR (frontend failed)	1.3402531	0.8590896020004948	114.139136
pthread-driver-races/char_generic_nvram_nvram_llseek_read_nvram.yml	ERROR (frontend failed)	1.1993454	0.7517908779991558	89.792512
pthread-C-DAC/pthread-demo-datarace-1.yml	ERROR (frontend failed)	3.6794649	2.0149761160000708	230.027264
weaver/array-eq-symm.wvr.yml	ERROR (frontend failed)	1.174686	0.760203466999883	94.629888
weaver/array-eq-trans.wvr.yml	ERROR (frontend failed)	1.2316436	0.7743935150001562	94.429184
